PlayerId,TeamId
1,6
2,6
3,6
4,6
5,6
6,6
7,6
8,6
9,6
10,6
11,6
12,6
13,6
14,6
15,6
16,6
17,6
18,6
19,6
20,6
21,6
22,6
23,6
24,6
25,6
26,6
27,6
28,6
29,6
30,6
31,4
32,4
33,4
34,4
35,4
36,4
37,4
38,4
39,4
40,4
41,4
42,4
43,4
44,4
45,4
46,4
47,4
48,4
49,4
50,4
51,4
52,4
53,4
54,4
55,4
56,4
57,4
58,4
59,3
60,3
61,3
62,3
63,3
64,3
65,3
66,3
67,3
68,3
69,3
70,3
71,3
72,3
73,3
74,3
75,3
76,3
77,3
78,3
79,3
80,3
81,3
82,3
83,3
84,3
85,3
86,3
87,3
88,3
89,2
90,2
91,2
92,2
93,2
94,2
95,2
96,2
97,2
98,2
99,2
100,2
101,2
102,2
103,2
104,2
105,2
106,2
107,2
108,2
109,2
110,2
111,2
112,2
113,2
114,2
115,2
116,11
117,11
118,11
119,11
120,11
121,11
122,11
123,11
124,11
125,11
126,11
127,11
128,11
129,11
130,11
131,11
132,11
133,11
134,11
135,11
136,11
137,11
138,11
139,11
140,11
141,11
142,11
143,11
144,11
145,11
146,1
147,1
148,1
149,1
150,1
151,1
152,1
153,1
154,1
155,1
156,1
157,1
158,1
159,1
160,1
161,1
162,1
163,1
164,1
165,1
166,1
167,1
168,1
169,1
170,1
171,1
172,1
173,1
174,1
175,1
176,12
177,12
178,12
179,12
180,12
181,12
182,12
183,12
184,12
185,12
186,12
187,12
188,12
189,12
190,12
191,12
192,12
193,12
194,12
195,12
196,12
197,12
198,12
199,12
200,12
201,12
202,12
203,12
204,12
205,12
206,7
207,7
208,7
209,7
210,7
211,7
212,7
213,7
214,7
215,7
216,7
217,7
218,7
219,7
220,7
221,7
222,7
223,7
224,7
225,7
226,7
227,7
228,7
229,7
230,7
231,7
232,7
233,7
234,7
235,7
236,9
237,9
238,9
239,9
240,9
241,9
242,9
243,9
244,9
245,9
246,9
247,9
248,9
249,9
250,9
251,9
252,9
253,9
254,9
255,9
256,9
257,9
258,9
259,9
260,9
261,9
262,9
263,5
264,5
265,5
266,5
267,5
268,5
269,5
270,5
271,5
272,5
273,5
274,5
275,5
276,5
277,5
278,5
279,5
280,5
281,5
282,5
283,5
284,5
285,5
286,5
287,5
288,5
289,5
290,5
291,5
292,5
293,8
294,8
295,8
296,8
297,8
298,8
299,8
300,8
301,8
302,8
303,8
304,8
305,8
306,8
307,8
308,8
309,8
310,8
311,8
312,8
313,8
314,8
315,8
316,8
317,8
318,8
319,8
320,8
321,8
322,8
323,10
324,10
325,10
326,10
327,10
328,10
329,10
330,10
331,10
332,10
333,10
334,10
335,10
336,10
337,10
338,10
339,10
340,10
341,10
342,10
343,10
344,10
345,10
346,10
347,10
348,10
349,10
350,10
351,14
352,14
353,14
354,14
355,14
356,14
357,14
358,14
359,14
360,14
361,14
362,14
363,14
364,14
365,14
366,14
367,14
368,14
369,14
370,14
371,14
372,14
373,14
374,14
375,14
376,14
377,14
378,14
379,14
380,14
381,13
382,13
383,13
384,13
385,13
386,13
387,13
388,13
389,13
390,13
391,13
392,13
393,13
394,13
395,13
396,13
397,13
398,13
399,13
400,13
401,13
402,13
403,13
404,13
405,13
406,13
407,13
408,13
409,13
410,13
411,17
412,17
413,17
414,17
415,17
416,17
417,17
418,17
419,17
420,17
421,17
422,17
423,17
424,17
425,17
426,17
427,17
428,17
429,17
430,17
431,17
432,17
433,17
434,17
435,17
436,17
437,17
438,17
439,17
440,17
441,16
442,16
443,16
444,16
445,16
446,16
447,16
448,16
449,16
450,16
451,16
452,16
453,16
454,16
455,16
456,16
457,16
458,16
459,16
460,16
461,16
462,16
463,16
464,16
465,16
466,16
467,16
468,16
469,16
470,16
471,20
472,20
473,20
474,20
475,20
476,20
477,20
478,20
479,20
480,20
481,20
482,20
483,20
484,20
485,20
486,20
487,20
488,20
489,20
490,20
491,20
492,20
493,20
494,20
495,20
496,20
497,20
498,20
499,20
500,20
501,22
502,22
503,22
504,22
505,22
506,22
507,22
508,22
509,22
510,22
511,22
512,22
513,22
514,22
515,22
516,22
517,22
518,22
519,22
520,22
521,22
522,22
523,22
524,22
525,22
526,22
527,25
528,25
529,25
530,25
531,25
532,25
533,25
534,25
535,25
536,25
537,25
538,25
539,25
540,25
541,25
542,25
543,25
544,25
545,25
546,25
547,25
548,25
549,25
550,25
551,25
552,25
553,25
554,25
555,18
556,18
557,18
558,18
559,18
560,18
561,18
562,18
563,18
564,18
565,18
566,18
567,18
568,18
569,18
570,18
571,18
572,18
573,18
574,18
575,18
576,18
577,18
578,18
579,18
580,18
581,18
582,18
583,18
584,18
585,15
586,15
587,15
588,15
589,15
590,15
591,15
592,15
593,15
594,15
595,15
596,15
597,15
598,15
599,15
600,15
601,15
602,15
603,15
604,15
605,15
606,15
607,15
608,15
609,15
610,15
611,15
612,15
613,15
614,23
615,23
616,23
617,23
618,23
619,23
620,23
621,23
622,23
623,23
624,23
625,23
626,23
627,23
628,23
629,23
630,23
631,23
632,23
633,23
634,23
635,23
636,23
637,23
638,23
639,23
640,23
641,23
642,23
643,23
644,24
645,24
646,24
647,24
648,24
649,24
650,24
651,24
652,24
653,24
654,24
655,24
656,24
657,24
658,24
659,24
660,24
661,24
662,24
663,24
664,24
665,24
666,24
667,24
668,24
669,24
670,24
671,24
672,21
673,21
674,21
675,21
676,21
677,21
678,21
679,21
680,21
681,21
682,21
683,21
684,21
685,21
686,21
687,21
688,21
689,21
690,21
691,21
692,21
693,21
694,21
695,21
696,21
697,21
698,21
699,21
700,21
701,21
702,19
703,19
704,19
705,19
706,19
707,19
708,19
709,19
710,19
711,19
712,19
713,19
714,19
715,19
716,19
717,19
718,19
719,19
720,19
721,19
722,19
723,19
724,19
725,19
726,19
727,19
728,19
729,19
730,19
731,19
732,28
733,28
734,28
735,28
736,28
737,28
738,28
739,28
740,28
741,28
742,28
743,28
744,28
745,28
746,28
747,28
748,28
749,28
750,28
751,28
752,28
753,28
754,28
755,26
756,26
757,26
758,26
759,26
760,26
761,26
762,26
763,26
764,26
765,26
766,26
767,26
768,26
769,26
770,26
771,26
772,26
773,26
774,26
775,26
776,26
777,26
778,26
779,26
780,26
781,26
782,27
783,27
784,27
785,27
786,27
787,27
788,27
789,27
790,27
791,27
792,27
793,27
794,27
795,27
796,27
797,27
798,27
799,27
800,27
801,27
802,27
803,27
804,27
805,27
806,27
807,35
808,35
809,35
810,35
811,35
812,35
813,35
814,35
815,35
816,35
817,35
818,35
819,35
820,35
821,35
822,35
823,35
824,35
825,35
826,35
827,35
828,35
829,35
830,35
831,35
832,35
833,35
834,35
835,35
836,31
837,31
838,31
839,31
840,31
841,31
842,31
843,31
844,31
845,31
846,31
847,31
848,31
849,31
850,31
851,31
852,31
853,31
854,31
855,31
856,31
857,31
858,31
859,31
860,31
861,31
862,31
863,34
864,34
865,34
866,34
867,34
868,34
869,34
870,34
871,34
872,34
873,34
874,34
875,34
876,34
877,34
878,34
879,34
880,34
881,34
882,34
883,34
884,34
885,34
886,29
887,29
888,29
889,29
890,29
891,29
892,29
893,29
894,29
895,29
896,29
897,29
898,29
899,29
900,29
901,29
902,29
903,29
904,29
905,29
906,29
907,29
908,29
909,29
910,29
911,29
912,29
913,29
914,29
915,29
916,36
917,36
918,36
919,36
920,36
921,36
922,36
923,36
924,36
925,36
926,36
927,36
928,36
929,36
930,36
931,36
932,36
933,36
934,36
935,36
936,36
937,36
938,36
939,36
940,36
941,36
942,36
943,36
944,36
945,30
946,30
947,30
948,30
949,30
950,30
951,30
952,30
953,30
954,30
955,30
956,30
957,30
958,30
959,30
960,30
961,30
962,30
963,30
964,30
965,30
966,30
967,30
968,30
969,30
970,30
971,30
972,30
973,30
974,30
975,33
976,33
977,33
978,33
979,33
980,33
981,33
982,33
983,33
984,33
985,33
986,33
987,33
988,33
989,33
990,33
991,33
992,33
993,33
994,33
995,33
996,33
997,33
998,33
999,33
1000,33
1001,33
1002,33
1003,33
1004,33
1005,38
1006,38
1007,38
1008,38
1009,38
1010,38
1011,38
1012,38
1013,38
1014,38
1015,38
1016,38
1017,38
1018,38
1019,38
1020,38
1021,38
1022,38
1023,38
1024,38
1025,38
1026,38
1027,38
1028,38
1029,38
1030,39
1031,39
1032,39
1033,39
1034,39
1035,39
1036,39
1037,39
1038,39
1039,39
1040,39
1041,39
1042,39
1043,39
1044,39
1045,39
1046,39
1047,39
1048,39
1049,39
1050,39
1051,39
1052,39
1053,39
1054,39
1055,40
1056,40
1057,40
1058,40
1059,40
1060,40
1061,40
1062,40
1063,40
1064,40
1065,40
1066,40
1067,40
1068,40
1069,40
1070,40
1071,40
1072,40
1073,40
1074,40
1075,40
1076,40
1077,40
1078,40
1079,40
1080,40
1081,37
1082,37
1083,37
1084,37
1085,37
1086,37
1087,37
1088,37
1089,37
1090,37
1091,37
1092,37
1093,37
1094,37
1095,37
1096,37
1097,37
1098,37
1099,37
1100,37
1101,37
1102,37
1103,37
1104,37
1105,37
1106,37
1107,37
1108,37
1109,37
1110,37
1111,32
1112,32
1113,32
1114,32
1115,32
1116,32
1117,32
1118,32
1119,32
1120,32
1121,32
1122,32
1123,32
1124,32
1125,32
1126,32
1127,32
1128,32
1129,32
1130,32
1131,32
1132,32
1133,32
1134,32
1135,32
1136,32
1137,32
1138,44
1139,44
1140,44
1141,44
1142,44
1143,44
1144,44
1145,44
1146,44
1147,44
1148,44
1149,44
1150,44
1151,44
1152,44
1153,44
1154,44
1155,44
1156,44
1157,44
1158,44
1159,44
1160,44
1161,44
1162,44
1163,44
1164,44
1165,44
1166,44
1167,44
1168,41
1169,41
1170,41
1171,41
1172,41
1173,41
1174,41
1175,41
1176,41
1177,41
1178,41
1179,41
1180,41
1181,41
1182,41
1183,41
1184,41
1185,41
1186,41
1187,41
1188,41
1189,41
1190,41
1191,41
1192,41
1193,41
1194,41
1195,41
1196,41
1197,41
1198,42
1199,42
1200,42
1201,42
1202,42
1203,42
1204,42
1205,42
1206,42
1207,42
1208,42
1209,42
1210,42
1211,42
1212,42
1213,42
1214,42
1215,42
1216,42
1217,42
1218,42
1219,42
1220,42
1221,42
1222,42
1223,42
1224,42
1225,42
1226,42
1227,43
1228,43
1229,43
1230,43
1231,43
1232,43
1233,43
1234,43
1235,43
1236,43
1237,43
1238,43
1239,43
1240,43
1241,43
1242,43
1243,43
1244,43
1245,43
1246,43
1247,43
1248,43
1249,43
1250,43
1251,43
1252,43
1253,43
1254,43
1255,48
1256,48
1257,48
1258,48
1259,48
1260,48
1261,48
1262,48
1263,48
1264,48
1265,48
1266,48
1267,48
1268,48
1269,48
1270,48
1271,48
1272,48
1273,48
1274,48
1275,48
1276,48
1277,48
1278,48
1279,46
1280,46
1281,46
1282,46
1283,46
1284,46
1285,46
1286,46
1287,46
1288,46
1289,46
1290,46
1291,46
1292,46
1293,46
1294,46
1295,46
1296,46
1297,46
1298,46
1299,46
1300,46
1301,46
1302,46
1303,46
1304,46
1305,46
1306,46
1307,49
1308,49
1309,49
1310,49
1311,49
1312,49
1313,49
1314,49
1315,49
1316,49
1317,49
1318,49
1319,49
1320,49
1321,49
1322,49
1323,49
1324,49
1325,49
1326,49
1327,49
1328,49
1329,49
1330,49
1331,49
1332,47
1333,47
1334,47
1335,47
1336,47
1337,47
1338,47
1339,47
1340,47
1341,47
1342,47
1343,47
1344,47
1345,47
1346,47
1347,47
1348,47
1349,47
1350,47
1351,47
1352,47
1353,47
1354,47
1355,47
1356,47
1357,47
1358,47
1359,47
1360,47
1361,47
1362,45
1363,45
1364,45
1365,45
1366,45
1367,45
1368,45
1369,45
1370,45
1371,45
1372,45
1373,45
1374,45
1375,45
1376,45
1377,45
1378,45
1379,45
1380,45
1381,45
1382,45
1383,45
1384,45
1385,45
1386,45
1387,45
1388,45
1389,45
1390,45
1391,45
1392,50
1393,50
1394,50
1395,50
1396,50
1397,50
1398,50
1399,50
1400,50
1401,50
1402,50
1403,50
1404,50
1405,50
1406,50
1407,50
1408,50
1409,50
1410,50
1411,50
1412,50
1413,50
1414,50
1415,50
1416,58
1417,58
1418,58
1419,58
1420,58
1421,58
1422,58
1423,58
1424,58
1425,58
1426,58
1427,58
1428,58
1429,58
1430,58
1431,58
1432,58
1433,58
1434,58
1435,58
1436,58
1437,58
1438,58
1439,58
1440,58
1441,61
1442,61
1443,61
1444,61
1445,61
1446,61
1447,61
1448,61
1449,61
1450,61
1451,61
1452,61
1453,61
1454,61
1455,61
1456,61
1457,61
1458,61
1459,61
1460,61
1461,61
1462,61
1463,61
1464,61
1465,61
1466,61
1467,61
1468,61
1469,54
1470,54
1471,54
1472,54
1473,54
1474,54
1475,54
1476,54
1477,54
1478,54
1479,54
1480,54
1481,54
1482,54
1483,54
1484,54
1485,54
1486,54
1487,54
1488,54
1489,54
1490,54
1491,54
1492,60
1493,60
1494,60
1495,60
1496,60
1497,60
1498,60
1499,60
1500,60
1501,60
1502,60
1503,60
1504,60
1505,60
1506,60
1507,60
1508,60
1509,60
1510,60
1511,60
1512,60
1513,60
1514,60
1515,60
1516,60
1517,60
1518,60
1519,57
1520,57
1521,57
1522,57
1523,57
1524,57
1525,57
1526,57
1527,57
1528,57
1529,57
1530,57
1531,57
1532,57
1533,57
1534,57
1535,57
1536,57
1537,57
1538,57
1539,57
1540,57
1541,57
1542,57
1543,57
1544,57
1545,57
1546,57
1547,51
1548,51
1549,51
1550,51
1551,51
1552,51
1553,51
1554,51
1555,51
1556,51
1557,51
1558,51
1559,51
1560,51
1561,51
1562,51
1563,51
1564,51
1565,51
1566,51
1567,51
1568,51
1569,51
1570,51
1571,51
1572,51
1573,51
1574,53
1575,53
1576,53
1577,53
1578,53
1579,53
1580,53
1581,53
1582,53
1583,53
1584,53
1585,53
1586,53
1587,53
1588,53
1589,53
1590,53
1591,53
1592,53
1593,53
1594,53
1595,53
1596,53
1597,53
1598,53
1599,55
1600,55
1601,55
1602,55
1603,55
1604,55
1605,55
1606,55
1607,55
1608,55
1609,55
1610,55
1611,55
1612,55
1613,55
1614,55
1615,55
1616,55
1617,55
1618,55
1619,55
1620,55
1621,55
1622,56
1623,56
1624,56
1625,56
1626,56
1627,56
1628,56
1629,56
1630,56
1631,56
1632,56
1633,56
1634,56
1635,56
1636,56
1637,56
1638,56
1639,56
1640,56
1641,56
1642,56
1643,56
1644,56
1645,56
1646,56
1647,56
1648,56
1649,62
1650,62
1651,62
1652,62
1653,62
1654,62
1655,62
1656,62
1657,62
1658,62
1659,62
1660,62
1661,62
1662,62
1663,62
1664,62
1665,62
1666,62
1667,62
1668,62
1669,62
1670,62
1671,62
1672,62
1673,62
1674,62
1675,62
1676,52
1677,52
1678,52
1679,52
1680,52
1681,52
1682,52
1683,52
1684,52
1685,52
1686,52
1687,52
1688,52
1689,52
1690,52
1691,52
1692,52
1693,52
1694,52
1695,52
1696,52
1697,52
1698,52
1699,52
1700,52
1701,52
1702,52
1703,52
1704,52
1705,63
1706,63
1707,63
1708,63
1709,63
1710,63
1711,63
1712,63
1713,63
1714,63
1715,63
1716,63
1717,63
1718,63
1719,63
1720,63
1721,63
1722,63
1723,63
1724,63
1725,63
1726,63
1727,63
1728,63
1729,63
1730,63
1731,63
1732,63
1733,63
1734,63
1735,59
1736,59
1737,59
1738,59
1739,59
1740,59
1741,59
1742,59
1743,59
1744,59
1745,59
1746,59
1747,59
1748,59
1749,59
1750,59
1751,59
1752,59
1753,59
1754,59
1755,59
1756,59
1757,59
1758,59
1759,59
1760,59
1761,59
1762,59
1763,59
1764,59
1765,67
1766,67
1767,67
1768,67
1769,67
1770,67
1771,67
1772,67
1773,67
1774,67
1775,67
1776,67
1777,67
1778,67
1779,67
1780,67
1781,67
1782,67
1783,67
1784,67
1785,67
1786,67
1787,67
1788,67
1789,67
1790,67
1791,67
1792,69
1793,69
1794,69
1795,69
1796,69
1797,69
1798,69
1799,69
1800,69
1801,69
1802,69
1803,69
1804,69
1805,69
1806,69
1807,69
1808,69
1809,69
1810,69
1811,69
1812,69
1813,69
1814,69
1815,69
1816,69
1817,69
1818,68
1819,68
1820,68
1821,68
1822,68
1823,68
1824,68
1825,68
1826,68
1827,68
1828,68
1829,68
1830,68
1831,68
1832,68
1833,68
1834,68
1835,68
1836,68
1837,68
1838,68
1839,68
1840,68
1841,68
1842,68
1843,68
1844,68
1845,68
1846,68
1847,68
1848,64
1849,64
1850,64
1851,64
1852,64
1853,64
1854,64
1855,64
1856,64
1857,64
1858,64
1859,64
1860,64
1861,64
1862,64
1863,64
1864,64
1865,64
1866,64
1867,64
1868,64
1869,64
1870,64
1871,64
1872,64
1873,64
1874,64
1875,64
1876,64
1877,64
1878,65
1879,65
1880,65
1881,65
1882,65
1883,65
1884,65
1885,65
1886,65
1887,65
1888,65
1889,65
1890,65
1891,65
1892,65
1893,65
1894,65
1895,65
1896,65
1897,65
1898,65
1899,65
1900,65
1901,65
1902,65
1903,65
1904,65
1905,65
1906,65
1907,65
1908,75
1909,75
1910,75
1911,75
1912,75
1913,75
1914,75
1915,75
1916,75
1917,75
1918,75
1919,75
1920,75
1921,75
1922,75
1923,75
1924,75
1925,75
1926,75
1927,75
1928,75
1929,75
1930,75
1931,75
1932,75
1933,75
1934,75
1935,75
1936,75
1937,75
1938,66
1939,66
1940,66
1941,66
1942,66
1943,66
1944,66
1945,66
1946,66
1947,66
1948,66
1949,66
1950,66
1951,66
1952,66
1953,66
1954,66
1955,66
1956,66
1957,66
1958,66
1959,66
1960,66
1961,66
1962,66
1963,66
1964,66
1965,66
1966,66
1967,66
1968,70
1969,70
1970,70
1971,70
1972,70
1973,70
1974,70
1975,70
1976,70
1977,70
1978,70
1979,70
1980,70
1981,70
1982,70
1983,70
1984,70
1985,70
1986,70
1987,70
1988,70
1989,70
1990,70
1991,70
1992,70
1993,70
1994,70
1995,70
1996,70
1997,70
1998,72
1999,72
2000,72
2001,72
2002,72
2003,72
2004,72
2005,72
2006,72
2007,72
2008,72
2009,72
2010,72
2011,72
2012,72
2013,72
2014,72
2015,72
2016,72
2017,72
2018,72
2019,72
2020,72
2021,72
2022,72
2023,72
2024,72
2025,72
2026,73
2027,73
2028,73
2029,73
2030,73
2031,73
2032,73
2033,73
2034,73
2035,73
2036,73
2037,73
2038,73
2039,73
2040,73
2041,73
2042,73
2043,73
2044,73
2045,73
2046,73
2047,73
2048,73
2049,73
2050,73
2051,73
2052,73
2053,73
2054,73
2055,73
2056,76
2057,76
2058,76
2059,76
2060,76
2061,76
2062,76
2063,76
2064,76
2065,76
2066,76
2067,76
2068,76
2069,76
2070,76
2071,76
2072,76
2073,76
2074,76
2075,76
2076,76
2077,76
2078,76
2079,76
2080,76
2081,76
2082,76
2083,76
2084,76
2085,76
2086,71
2087,71
2088,71
2089,71
2090,71
2091,71
2092,71
2093,71
2094,71
2095,71
2096,71
2097,71
2098,71
2099,71
2100,71
2101,71
2102,71
2103,71
2104,71
2105,71
2106,71
2107,71
2108,71
2109,71
2110,71
2111,71
2112,71
2113,77
2114,77
2115,77
2116,77
2117,77
2118,77
2119,77
2120,77
2121,77
2122,77
2123,77
2124,77
2125,77
2126,77
2127,77
2128,77
2129,77
2130,77
2131,77
2132,77
2133,77
2134,77
2135,77
2136,77
2137,77
2138,77
2139,77
2140,74
2141,74
2142,74
2143,74
2144,74
2145,74
2146,74
2147,74
2148,74
2149,74
2150,74
2151,74
2152,74
2153,74
2154,74
2155,74
2156,74
2157,74
2158,74
2159,74
2160,74
2161,74
2162,74
2163,74
2164,74
2165,74
2166,74
2167,74
2168,79
2169,79
2170,79
2171,79
2172,79
2173,79
2174,79
2175,79
2176,79
2177,79
2178,79
2179,79
2180,79
2181,79
2182,79
2183,79
2184,79
2185,79
2186,79
2187,79
2188,79
2189,79
2190,79
2191,79
2192,79
2193,79
2194,79
2195,79
2196,79
2197,79
2198,80
2199,80
2200,80
2201,80
2202,80
2203,80
2204,80
2205,80
2206,80
2207,80
2208,80
2209,80
2210,80
2211,80
2212,80
2213,80
2214,80
2215,80
2216,80
2217,80
2218,80
2219,80
2220,80
2221,80
2222,80
2223,80
2224,80
2225,80
2226,80
2227,80
2228,81
2229,81
2230,81
2231,81
2232,81
2233,81
2234,81
2235,81
2236,81
2237,81
2238,81
2239,81
2240,81
2241,81
2242,81
2243,81
2244,81
2245,81
2246,81
2247,81
2248,81
2249,81
2250,81
2251,81
2252,81
2253,81
2254,81
2255,78
2256,78
2257,78
2258,78
2259,78
2260,78
2261,78
2262,78
2263,78
2264,78
2265,78
2266,78
2267,78
2268,78
2269,78
2270,78
2271,78
2272,78
2273,78
2274,78
2275,78
2276,78
2277,78
2278,78
2279,78
2280,78
2281,78
2282,78
2283,84
2284,84
2285,84
2286,84
2287,84
2288,84
2289,84
2290,84
2291,84
2292,84
2293,84
2294,84
2295,84
2296,84
2297,84
2298,84
2299,84
2300,84
2301,84
2302,84
2303,84
2304,84
2305,84
2306,84
2307,82
2308,82
2309,82
2310,82
2311,82
2312,82
2313,82
2314,82
2315,82
2316,82
2317,82
2318,82
2319,82
2320,82
2321,82
2322,82
2323,82
2324,82
2325,82
2326,82
2327,82
2328,82
2329,82
2330,82
2331,82
2332,82
2333,82
2334,82
2335,82
2336,82
2337,83
2338,83
2339,83
2340,83
2341,83
2342,83
2343,83
2344,83
2345,83
2346,83
2347,83
2348,83
2349,83
2350,83
2351,83
2352,83
2353,83
2354,83
2355,83
2356,83
2357,83
2358,83
2359,83
2360,83
2361,83
2362,83
2363,83
2364,87
2365,87
2366,87
2367,87
2368,87
2369,87
2370,87
2371,87
2372,87
2373,87
2374,87
2375,87
2376,87
2377,87
2378,87
2379,87
2380,87
2381,87
2382,87
2383,87
2384,87
2385,87
2386,87
2387,87
2388,87
2389,87
2390,87
2391,87
2392,87
2393,87
2394,86
2395,86
2396,86
2397,86
2398,86
2399,86
2400,86
2401,86
2402,86
2403,86
2404,86
2405,86
2406,86
2407,86
2408,86
2409,86
2410,86
2411,86
2412,86
2413,86
2414,86
2415,86
2416,86
2417,86
2418,86
2419,86
2420,86
2421,86
2422,86
2423,92
2424,92
2425,92
2426,92
2427,92
2428,92
2429,92
2430,92
2431,92
2432,92
2433,92
2434,92
2435,92
2436,92
2437,92
2438,92
2439,92
2440,92
2441,92
2442,92
2443,92
2444,92
2445,92
2446,92
2447,92
2448,92
2449,88
2450,88
2451,88
2452,88
2453,88
2454,88
2455,88
2456,88
2457,88
2458,88
2459,88
2460,88
2461,88
2462,88
2463,88
2464,88
2465,88
2466,88
2467,88
2468,88
2469,88
2470,88
2471,88
2472,88
2473,88
2474,88
2475,88
2476,88
2477,85
2478,85
2479,85
2480,85
2481,85
2482,85
2483,85
2484,85
2485,85
2486,85
2487,85
2488,85
2489,85
2490,85
2491,85
2492,85
2493,85
2494,85
2495,85
2496,85
2497,85
2498,85
2499,85
2500,85
2501,85
2502,85
2503,85
2504,85
2505,91
2506,91
2507,91
2508,91
2509,91
2510,91
2511,91
2512,91
2513,91
2514,91
2515,91
2516,91
2517,91
2518,91
2519,91
2520,91
2521,91
2522,91
2523,91
2524,91
2525,91
2526,91
2527,91
2528,91
2529,91
2530,91
2531,91
2532,91
2533,91
2534,90
2535,90
2536,90
2537,90
2538,90
2539,90
2540,90
2541,90
2542,90
2543,90
2544,90
2545,90
2546,90
2547,90
2548,90
2549,90
2550,90
2551,90
2552,90
2553,90
2554,90
2555,90
2556,90
2557,90
2558,90
2559,90
2560,90
2561,90
2562,90
2563,90
2564,89
2565,89
2566,89
2567,89
2568,89
2569,89
2570,89
2571,89
2572,89
2573,89
2574,89
2575,89
2576,89
2577,89
2578,89
2579,89
2580,89
2581,89
2582,89
2583,89
2584,89
2585,89
2586,89
2587,89
2588,89
2589,89
2590,89
2591,89
2592,89
2593,89
2594,94
2595,94
2596,94
2597,94
2598,94
2599,94
2600,94
2601,94
2602,94
2603,94
2604,94
2605,94
2606,94
2607,94
2608,94
2609,94
2610,94
2611,94
2612,94
2613,94
2614,94
2615,94
2616,94
2617,94
2618,94
2619,94
2620,93
2621,93
2622,93
2623,93
2624,93
2625,93
2626,93
2627,93
2628,93
2629,93
2630,93
2631,93
2632,93
2633,93
2634,93
2635,93
2636,93
2637,93
2638,93
2639,93
2640,93
2641,93
2642,93
2643,93
2644,93
2645,93
2646,93
2647,93
2648,93
2649,93
2650,96
2651,96
2652,96
2653,96
2654,96
2655,96
2656,96
2657,96
2658,96
2659,96
2660,96
2661,96
2662,96
2663,96
2664,96
2665,96
2666,96
2667,96
2668,96
2669,96
2670,96
2671,96
2672,96
2673,96
2674,96
2675,96
2676,96
2677,96
2678,96
2679,96
2680,95
2681,95
2682,95
2683,95
2684,95
2685,95
2686,95
2687,95
2688,95
2689,95
2690,95
2691,95
2692,95
2693,95
2694,95
2695,95
2696,95
2697,95
2698,95
2699,95
2700,95
2701,95
2702,95
2703,95
2704,95
2705,97
2706,97
2707,97
2708,97
2709,97
2710,97
2711,97
2712,97
2713,97
2714,97
2715,97
2716,97
2717,97
2718,97
2719,97
2720,97
2721,97
2722,97
2723,97
2724,97
2725,97
2726,97
2727,97
2728,97
2729,97
2730,97
2731,97
2732,97
2733,97
2734,99
2735,99
2736,99
2737,99
2738,99
2739,99
2740,99
2741,99
2742,99
2743,99
2744,99
2745,99
2746,99
2747,99
2748,99
2749,99
2750,99
2751,99
2752,99
2753,99
2754,99
2755,99
2756,99
2757,99
2758,99
2759,99
2760,99
2761,99
2762,99
2763,99
2764,98
2765,98
2766,98
2767,98
2768,98
2769,98
2770,98
2771,98
2772,98
2773,98
2774,98
2775,98
2776,98
2777,98
2778,98
2779,98
2780,98
2781,98
2782,98
2783,98
2784,98
2785,98
2786,98
2787,98
2788,98
2789,98
2790,98
2791,98
2792,98
2793,98
2794,100
2795,100
2796,100
2797,100
2798,100
2799,100
2800,100
2801,100
2802,100
2803,100
2804,100
2805,100
2806,100
2807,100
2808,100
2809,100
2810,100
2811,100
2812,100
2813,100
2814,100
2815,100
2816,100
2817,100
2818,100
2819,100
2820,100
2821,102
2822,102
2823,102
2824,102
2825,102
2826,102
2827,102
2828,102
2829,102
2830,102
2831,102
2832,102
2833,102
2834,102
2835,102
2836,102
2837,102
2838,102
2839,102
2840,102
2841,102
2842,102
2843,102
2844,102
2845,102
2846,102
2847,102
2848,102
2849,102
2850,102
2851,108
2852,108
2853,108
2854,108
2855,108
2856,108
2857,108
2858,108
2859,108
2860,108
2861,108
2862,108
2863,108
2864,108
2865,108
2866,108
2867,108
2868,108
2869,108
2870,108
2871,108
2872,108
2873,108
2874,108
2875,108
2876,108
2877,108
2878,108
2879,108
2880,108
2881,108
2882,108
2883,103
2884,103
2885,103
2886,103
2887,103
2888,103
2889,103
2890,103
2891,103
2892,103
2893,103
2894,103
2895,103
2896,103
2897,103
2898,103
2899,103
2900,103
2901,103
2902,103
2903,103
2904,103
2905,103
2906,103
2907,103
2908,103
2909,103
2910,110
2911,110
2912,110
2913,110
2914,110
2915,110
2916,110
2917,110
2918,110
2919,110
2920,110
2921,110
2922,110
2923,110
2924,110
2925,110
2926,110
2927,110
2928,110
2929,110
2930,110
2931,110
2932,110
2933,110
2934,110
2935,110
2936,107
2937,107
2938,107
2939,107
2940,107
2941,107
2942,107
2943,107
2944,107
2945,107
2946,107
2947,107
2948,107
2949,107
2950,107
2951,107
2952,107
2953,107
2954,107
2955,107
2956,107
2957,107
2958,107
2959,107
2960,107
2961,107
2962,107
2963,107
2964,101
2965,101
2966,101
2967,101
2968,101
2969,101
2970,101
2971,101
2972,101
2973,101
2974,101
2975,101
2976,101
2977,101
2978,101
2979,101
2980,101
2981,101
2982,101
2983,101
2984,101
2985,101
2986,101
2987,101
2988,101
2989,101
2990,101
2991,101
2992,109
2993,109
2994,109
2995,109
2996,109
2997,109
2998,109
2999,109
3000,109
3001,109
3002,109
3003,109
3004,109
3005,109
3006,109
3007,109
3008,109
3009,109
3010,109
3011,109
3012,109
3013,109
3014,109
3015,109
3016,109
3017,105
3018,105
3019,105
3020,105
3021,105
3022,105
3023,105
3024,105
3025,105
3026,105
3027,105
3028,105
3029,105
3030,105
3031,105
3032,105
3033,105
3034,105
3035,105
3036,105
3037,105
3038,105
3039,105
3040,105
3041,105
3042,105
3043,104
3044,104
3045,104
3046,104
3047,104
3048,104
3049,104
3050,104
3051,104
3052,104
3053,104
3054,104
3055,104
3056,104
3057,104
3058,104
3059,104
3060,104
3061,104
3062,104
3063,104
3064,104
3065,104
3066,104
3067,104
3068,104
3069,104
3070,104
3071,104
3072,104
3073,112
3074,112
3075,112
3076,112
3077,112
3078,112
3079,112
3080,112
3081,112
3082,112
3083,112
3084,112
3085,112
3086,112
3087,112
3088,112
3089,112
3090,112
3091,112
3092,112
3093,112
3094,112
3095,112
3096,112
3097,112
3098,112
3099,112
3100,112
3101,106
3102,106
3103,106
3104,106
3105,106
3106,106
3107,106
3108,106
3109,106
3110,106
3111,106
3112,106
3113,106
3114,106
3115,106
3116,106
3117,106
3118,106
3119,106
3120,106
3121,106
3122,106
3123,106
3124,106
3125,106
3126,106
3127,106
3128,106
3129,106
3130,106
3131,111
3132,111
3133,111
3134,111
3135,111
3136,111
3137,111
3138,111
3139,111
3140,111
3141,111
3142,111
3143,111
3144,111
3145,111
3146,111
3147,111
3148,111
3149,111
3150,111
3151,111
3152,111
3153,111
3154,111
3155,111
3156,111
3157,111
3158,111
3159,113
3160,113
3161,113
3162,113
3163,113
3164,113
3165,113
3166,113
3167,113
3168,113
3169,113
3170,113
3171,113
3172,113
3173,113
3174,113
3175,113
3176,113
3177,113
3178,113
3179,113
3180,113
3181,113
3182,113
3183,113
3184,113
3185,113
3186,117
3187,117
3188,117
3189,117
3190,117
3191,117
3192,117
3193,117
3194,117
3195,117
3196,117
3197,117
3198,117
3199,117
3200,117
3201,117
3202,117
3203,117
3204,117
3205,117
3206,117
3207,117
3208,117
3209,117
3210,117
3211,117
3212,117
3213,117
3214,117
3215,117
3216,117
3217,117
3218,118
3219,118
3220,118
3221,118
3222,118
3223,118
3224,118
3225,118
3226,118
3227,118
3228,118
3229,118
3230,118
3231,118
3232,118
3233,118
3234,118
3235,118
3236,118
3237,118
3238,118
3239,118
3240,118
3241,118
3242,118
3243,118
3244,118
3245,118
3246,118
3247,118
3248,118
3249,124
3250,124
3251,124
3252,124
3253,124
3254,124
3255,124
3256,124
3257,124
3258,124
3259,124
3260,124
3261,124
3262,124
3263,124
3264,124
3265,124
3266,124
3267,124
3268,124
3269,124
3270,124
3271,124
3272,124
3273,124
3274,124
3275,124
3276,124
3277,124
3278,124
3279,124
3280,114
3281,114
3282,114
3283,114
3284,114
3285,114
3286,114
3287,114
3288,114
3289,114
3290,114
3291,114
3292,114
3293,114
3294,114
3295,114
3296,114
3297,114
3298,114
3299,114
3300,114
3301,114
3302,114
3303,114
3304,114
3305,114
3306,114
3307,114
3308,116
3309,116
3310,116
3311,116
3312,116
3313,116
3314,116
3315,116
3316,116
3317,116
3318,116
3319,116
3320,116
3321,116
3322,116
3323,116
3324,116
3325,116
3326,116
3327,116
3328,116
3329,116
3330,116
3331,116
3332,116
3333,116
3334,116
3335,116
3336,115
3337,115
3338,115
3339,115
3340,115
3341,115
3342,115
3343,115
3344,115
3345,115
3346,115
3347,115
3348,115
3349,115
3350,115
3351,115
3352,115
3353,115
3354,115
3355,115
3356,115
3357,115
3358,115
3359,115
3360,115
3361,115
3362,115
3363,115
3364,115
3365,115
3366,115
3367,120
3368,120
3369,120
3370,120
3371,120
3372,120
3373,120
3374,120
3375,120
3376,120
3377,120
3378,120
3379,120
3380,120
3381,120
3382,120
3383,120
3384,120
3385,120
3386,120
3387,120
3388,120
3389,120
3390,120
3391,120
3392,120
3393,120
3394,121
3395,121
3396,121
3397,121
3398,121
3399,121
3400,121
3401,121
3402,121
3403,121
3404,121
3405,121
3406,121
3407,121
3408,121
3409,121
3410,121
3411,121
3412,121
3413,121
3414,121
3415,121
3416,121
3417,121
3418,121
3419,121
3420,119
3421,119
3422,119
3423,119
3424,119
3425,119
3426,119
3427,119
3428,119
3429,119
3430,119
3431,119
3432,119
3433,119
3434,119
3435,119
3436,119
3437,119
3438,119
3439,119
3440,119
3441,119
3442,119
3443,119
3444,119
3445,119
3446,119
3447,119
3448,126
3449,126
3450,126
3451,126
3452,126
3453,126
3454,126
3455,126
3456,126
3457,126
3458,126
3459,126
3460,126
3461,126
3462,126
3463,126
3464,126
3465,126
3466,126
3467,126
3468,126
3469,126
3470,126
3471,126
3472,126
3473,126
3474,123
3475,123
3476,123
3477,123
3478,123
3479,123
3480,123
3481,123
3482,123
3483,123
3484,123
3485,123
3486,123
3487,123
3488,123
3489,123
3490,123
3491,123
3492,123
3493,123
3494,123
3495,123
3496,123
3497,123
3498,123
3499,123
3500,123
3501,123
3502,123
3503,123
3504,123
3505,123
3506,122
3507,122
3508,122
3509,122
3510,122
3511,122
3512,122
3513,122
3514,122
3515,122
3516,122
3517,122
3518,122
3519,122
3520,122
3521,122
3522,122
3523,122
3524,122
3525,122
3526,122
3527,122
3528,122
3529,122
3530,122
3531,122
3532,122
3533,122
3534,122
3535,122
3536,122
3537,125
3538,125
3539,125
3540,125
3541,125
3542,125
3543,125
3544,125
3545,125
3546,125
3547,125
3548,125
3549,125
3550,125
3551,125
3552,125
3553,125
3554,125
3555,125
3556,125
3557,125
3558,125
3559,125
3560,125
3561,125
3562,125
3563,125
3564,125
3565,129
3566,129
3567,129
3568,129
3569,129
3570,129
3571,129
3572,129
3573,129
3574,129
3575,129
3576,129
3577,129
3578,129
3579,129
3580,129
3581,129
3582,129
3583,129
3584,129
3585,129
3586,129
3587,129
3588,129
3589,129
3590,129
3591,129
3592,133
3593,133
3594,133
3595,133
3596,133
3597,133
3598,133
3599,133
3600,133
3601,133
3602,133
3603,133
3604,133
3605,133
3606,133
3607,133
3608,133
3609,133
3610,133
3611,133
3612,133
3613,133
3614,133
3615,133
3616,133
3617,133
3618,133
3619,133
3620,133
3621,133
3622,133
3623,133
3624,136
3625,136
3626,136
3627,136
3628,136
3629,136
3630,136
3631,136
3632,136
3633,136
3634,136
3635,136
3636,136
3637,136
3638,136
3639,136
3640,136
3641,136
3642,136
3643,136
3644,136
3645,136
3646,136
3647,136
3648,136
3649,136
3650,136
3651,130
3652,130
3653,130
3654,130
3655,130
3656,130
3657,130
3658,130
3659,130
3660,130
3661,130
3662,130
3663,130
3664,130
3665,130
3666,130
3667,130
3668,130
3669,130
3670,130
3671,130
3672,130
3673,130
3674,130
3675,130
3676,130
3677,130
3678,130
3679,130
3680,131
3681,131
3682,131
3683,131
3684,131
3685,131
3686,131
3687,131
3688,131
3689,131
3690,131
3691,131
3692,131
3693,131
3694,131
3695,131
3696,131
3697,131
3698,131
3699,131
3700,131
3701,131
3702,131
3703,131
3704,131
3705,131
3706,131
3707,131
3708,131
3709,135
3710,135
3711,135
3712,135
3713,135
3714,135
3715,135
3716,135
3717,135
3718,135
3719,135
3720,135
3721,135
3722,135
3723,135
3724,135
3725,135
3726,135
3727,135
3728,135
3729,135
3730,135
3731,135
3732,135
3733,135
3734,135
3735,135
3736,135
3737,135
3738,135
3739,135
3740,135
3741,135
3742,134
3743,134
3744,134
3745,134
3746,134
3747,134
3748,134
3749,134
3750,134
3751,134
3752,134
3753,134
3754,134
3755,134
3756,134
3757,134
3758,134
3759,134
3760,134
3761,134
3762,134
3763,134
3764,134
3765,134
3766,134
3767,134
3768,134
3769,134
3770,134
3771,134
3772,134
3773,134
3774,134
3775,128
3776,128
3777,128
3778,128
3779,128
3780,128
3781,128
3782,128
3783,128
3784,128
3785,128
3786,128
3787,128
3788,128
3789,128
3790,128
3791,128
3792,128
3793,128
3794,128
3795,128
3796,128
3797,128
3798,128
3799,128
3800,128
3801,128
3802,128
3803,128
3804,128
3805,127
3806,127
3807,127
3808,127
3809,127
3810,127
3811,127
3812,127
3813,127
3814,127
3815,127
3816,127
3817,127
3818,127
3819,127
3820,127
3821,127
3822,127
3823,127
3824,127
3825,127
3826,127
3827,127
3828,127
3829,127
3830,127
3831,127
3832,127
3833,127
3834,127
3835,127
3836,127
3837,127
3838,132
3839,132
3840,132
3841,132
3842,132
3843,132
3844,132
3845,132
3846,132
3847,132
3848,132
3849,132
3850,132
3851,132
3852,132
3853,132
3854,132
3855,132
3856,132
3857,132
3858,132
3859,132
3860,132
3861,132
3862,132
3863,132
3864,132
3865,132
3866,132
3867,132
3868,132
3869,132
3870,132
3871,138
3872,138
3873,138
3874,138
3875,138
3876,138
3877,138
3878,138
3879,138
3880,138
3881,138
3882,138
3883,138
3884,138
3885,138
3886,138
3887,138
3888,138
3889,138
3890,138
3891,138
3892,138
3893,138
3894,138
3895,138
3896,138
3897,138
3898,138
3899,138
3900,138
3901,138
3902,138
3903,137
3904,137
3905,137
3906,137
3907,137
3908,137
3909,137
3910,137
3911,137
3912,137
3913,137
3914,137
3915,137
3916,137
3917,137
3918,137
3919,137
3920,137
3921,137
3922,137
3923,137
3924,137
3925,137
3926,137
3927,137
3928,137
3929,137
3930,137
3931,137
3932,143
3933,143
3934,143
3935,143
3936,143
3937,143
3938,143
3939,143
3940,143
3941,143
3942,143
3943,143
3944,143
3945,143
3946,143
3947,143
3948,143
3949,143
3950,143
3951,143
3952,143
3953,143
3954,143
3955,143
3956,143
3957,143
3958,143
3959,143
3960,139
3961,139
3962,139
3963,139
3964,139
3965,139
3966,139
3967,139
3968,139
3969,139
3970,139
3971,139
3972,139
3973,139
3974,139
3975,139
3976,139
3977,139
3978,139
3979,139
3980,139
3981,139
3982,139
3983,139
3984,139
3985,139
3986,139
3987,139
3988,139
3989,150
3990,150
3991,150
3992,150
3993,150
3994,150
3995,150
3996,150
3997,150
3998,150
3999,150
4000,150
4001,150
4002,150
4003,150
4004,150
4005,150
4006,150
4007,150
4008,150
4009,150
4010,150
4011,150
4012,150
4013,150
4014,150
4015,150
4016,150
4017,140
4018,140
4019,140
4020,140
4021,140
4022,140
4023,140
4024,140
4025,140
4026,140
4027,140
4028,140
4029,140
4030,140
4031,140
4032,140
4033,140
4034,140
4035,140
4036,140
4037,140
4038,140
4039,140
4040,140
4041,140
4042,140
4043,140
4044,140
4045,140
4046,140
4047,140
4048,144
4049,144
4050,144
4051,144
4052,144
4053,144
4054,144
4055,144
4056,144
4057,144
4058,144
4059,144
4060,144
4061,144
4062,144
4063,144
4064,144
4065,144
4066,144
4067,144
4068,144
4069,144
4070,144
4071,144
4072,144
4073,144
4074,144
4075,144
4076,146
4077,146
4078,146
4079,146
4080,146
4081,146
4082,146
4083,146
4084,146
4085,146
4086,146
4087,146
4088,146
4089,146
4090,146
4091,146
4092,146
4093,146
4094,146
4095,146
4096,146
4097,146
4098,146
4099,146
4100,146
4101,146
4102,146
4103,146
4104,141
4105,141
4106,141
4107,141
4108,141
4109,141
4110,141
4111,141
4112,141
4113,141
4114,141
4115,141
4116,141
4117,141
4118,141
4119,141
4120,141
4121,141
4122,141
4123,141
4124,141
4125,141
4126,141
4127,141
4128,141
4129,141
4130,141
4131,141
4132,148
4133,148
4134,148
4135,148
4136,148
4137,148
4138,148
4139,148
4140,148
4141,148
4142,148
4143,148
4144,148
4145,148
4146,148
4147,148
4148,148
4149,148
4150,148
4151,148
4152,148
4153,148
4154,148
4155,148
4156,148
4157,148
4158,148
4159,148
4160,145
4161,145
4162,145
4163,145
4164,145
4165,145
4166,145
4167,145
4168,145
4169,145
4170,145
4171,145
4172,145
4173,145
4174,145
4175,145
4176,145
4177,145
4178,145
4179,145
4180,145
4181,145
4182,145
4183,145
4184,145
4185,145
4186,145
4187,145
4188,147
4189,147
4190,147
4191,147
4192,147
4193,147
4194,147
4195,147
4196,147
4197,147
4198,147
4199,147
4200,147
4201,147
4202,147
4203,147
4204,147
4205,147
4206,147
4207,147
4208,147
4209,147
4210,147
4211,147
4212,147
4213,147
4214,147
4215,147
4216,149
4217,149
4218,149
4219,149
4220,149
4221,149
4222,149
4223,149
4224,149
4225,149
4226,149
4227,149
4228,149
4229,149
4230,149
4231,149
4232,149
4233,149
4234,149
4235,149
4236,149
4237,149
4238,149
4239,149
4240,149
4241,149
4242,149
4243,149
4244,142
4245,142
4246,142
4247,142
4248,142
4249,142
4250,142
4251,142
4252,142
4253,142
4254,142
4255,142
4256,142
4257,142
4258,142
4259,142
4260,142
4261,142
4262,142
4263,142
4264,142
4265,142
4266,142
4267,142
4268,142
4269,142
4270,142
4271,142
4272,154
4273,154
4274,154
4275,154
4276,154
4277,154
4278,154
4279,154
4280,154
4281,154
4282,154
4283,154
4284,154
4285,154
4286,154
4287,154
4288,154
4289,154
4290,154
4291,154
4292,154
4293,154
4294,154
4295,154
4296,154
4297,154
4298,154
4299,154
4300,162
4301,162
4302,162
4303,162
4304,162
4305,162
4306,162
4307,162
4308,162
4309,162
4310,162
4311,162
4312,162
4313,162
4314,162
4315,162
4316,162
4317,162
4318,162
4319,162
4320,162
4321,162
4322,162
4323,162
4324,162
4325,162
4326,162
4327,162
4328,162
4329,162
4330,157
4331,157
4332,157
4333,157
4334,157
4335,157
4336,157
4337,157
4338,157
4339,157
4340,157
4341,157
4342,157
4343,157
4344,157
4345,157
4346,157
4347,157
4348,157
4349,157
4350,157
4351,157
4352,157
4353,157
4354,157
4355,157
4356,157
4357,157
4358,157
4359,157
4360,152
4361,152
4362,152
4363,152
4364,152
4365,152
4366,152
4367,152
4368,152
4369,152
4370,152
4371,152
4372,152
4373,152
4374,152
4375,152
4376,152
4377,152
4378,152
4379,152
4380,152
4381,152
4382,152
4383,152
4384,152
4385,152
4386,152
4387,152
4388,158
4389,158
4390,158
4391,158
4392,158
4393,158
4394,158
4395,158
4396,158
4397,158
4398,158
4399,158
4400,158
4401,158
4402,158
4403,158
4404,158
4405,158
4406,158
4407,158
4408,158
4409,158
4410,158
4411,158
4412,158
4413,158
4414,158
4415,158
4416,158
4417,158
4418,151
4419,151
4420,151
4421,151
4422,151
4423,151
4424,151
4425,151
4426,151
4427,151
4428,151
4429,151
4430,151
4431,151
4432,151
4433,151
4434,151
4435,151
4436,151
4437,151
4438,151
4439,151
4440,151
4441,151
4442,151
4443,151
4444,151
4445,151
4446,153
4447,153
4448,153
4449,153
4450,153
4451,153
4452,153
4453,153
4454,153
4455,153
4456,153
4457,153
4458,153
4459,153
4460,153
4461,153
4462,153
4463,153
4464,153
4465,153
4466,153
4467,153
4468,153
4469,153
4470,153
4471,153
4472,153
4473,153
4474,161
4475,161
4476,161
4477,161
4478,161
4479,161
4480,161
4481,161
4482,161
4483,161
4484,161
4485,161
4486,161
4487,161
4488,161
4489,161
4490,161
4491,161
4492,161
4493,161
4494,161
4495,161
4496,161
4497,161
4498,161
4499,161
4500,161
4501,161
4502,161
4503,161
4504,159
4505,159
4506,159
4507,159
4508,159
4509,159
4510,159
4511,159
4512,159
4513,159
4514,159
4515,159
4516,159
4517,159
4518,159
4519,159
4520,159
4521,159
4522,159
4523,159
4524,159
4525,159
4526,159
4527,159
4528,159
4529,159
4530,159
4531,155
4532,155
4533,155
4534,155
4535,155
4536,155
4537,155
4538,155
4539,155
4540,155
4541,155
4542,155
4543,155
4544,155
4545,155
4546,155
4547,155
4548,155
4549,155
4550,155
4551,155
4552,155
4553,155
4554,155
4555,155
4556,155
4557,155
4558,155
4559,156
4560,156
4561,156
4562,156
4563,156
4564,156
4565,156
4566,156
4567,156
4568,156
4569,156
4570,156
4571,156
4572,156
4573,156
4574,156
4575,156
4576,156
4577,156
4578,156
4579,156
4580,156
4581,156
4582,156
4583,156
4584,156
4585,156
4586,156
4587,160
4588,160
4589,160
4590,160
4591,160
4592,160
4593,160
4594,160
4595,160
4596,160
4597,160
4598,160
4599,160
4600,160
4601,160
4602,160
4603,160
4604,160
4605,160
4606,160
4607,160
4608,160
4609,160
4610,160
4611,160
4612,160
4613,160
4614,160
4615,160
4616,160
4617,163
4618,163
4619,163
4620,163
4621,163
4622,163
4623,163
4624,163
4625,163
4626,163
4627,163
4628,163
4629,163
4630,163
4631,163
4632,163
4633,163
4634,163
4635,163
4636,163
4637,163
4638,163
4639,163
4640,163
4641,163
4642,163
4643,163
4644,163
4645,163
4646,163
4647,164
4648,164
4649,164
4650,164
4651,164
4652,164
4653,164
4654,164
4655,164
4656,164
4657,164
4658,164
4659,164
4660,164
4661,164
4662,164
4663,164
4664,164
4665,164
4666,164
4667,164
4668,164
4669,164
4670,164
4671,164
4672,164
4673,164
4674,164
4675,169
4676,169
4677,169
4678,169
4679,169
4680,169
4681,169
4682,169
4683,169
4684,169
4685,169
4686,169
4687,169
4688,169
4689,169
4690,169
4691,169
4692,169
4693,169
4694,169
4695,169
4696,169
4697,169
4698,169
4699,169
4700,169
4701,169
4702,169
4703,169
4704,169
4705,166
4706,166
4707,166
4708,166
4709,166
4710,166
4711,166
4712,166
4713,166
4714,166
4715,166
4716,166
4717,166
4718,166
4719,166
4720,166
4721,166
4722,166
4723,166
4724,166
4725,166
4726,166
4727,166
4728,166
4729,166
4730,166
4731,166
4732,166
4733,166
4734,166
4735,165
4736,165
4737,165
4738,165
4739,165
4740,165
4741,165
4742,165
4743,165
4744,165
4745,165
4746,165
4747,165
4748,165
4749,165
4750,165
4751,165
4752,165
4753,165
4754,165
4755,165
4756,165
4757,165
4758,165
4759,165
4760,165
4761,165
4762,165
4763,165
4764,165
4765,168
4766,168
4767,168
4768,168
4769,168
4770,168
4771,168
4772,168
4773,168
4774,168
4775,168
4776,168
4777,168
4778,168
4779,168
4780,168
4781,168
4782,168
4783,168
4784,168
4785,168
4786,168
4787,168
4788,168
4789,168
4790,168
4791,168
4792,168
4793,168
4794,168
4795,170
4796,170
4797,170
4798,170
4799,170
4800,170
4801,170
4802,170
4803,170
4804,170
4805,170
4806,170
4807,170
4808,170
4809,170
4810,170
4811,170
4812,170
4813,170
4814,170
4815,170
4816,170
4817,170
4818,170
4819,170
4820,170
4821,170
4822,170
4823,170
4824,167
4825,167
4826,167
4827,167
4828,167
4829,167
4830,167
4831,167
4832,167
4833,167
4834,167
4835,167
4836,167
4837,167
4838,167
4839,167
4840,167
4841,167
4842,167
4843,167
4844,167
4845,167
4846,167
4847,167
4848,167
4849,167
4850,167
4851,167
4852,167
4853,167
4854,180
4855,180
4856,180
4857,180
4858,180
4859,180
4860,180
4861,180
4862,180
4863,180
4864,180
4865,180
4866,180
4867,180
4868,180
4869,180
4870,180
4871,180
4872,180
4873,180
4874,180
4875,180
4876,180
4877,180
4878,180
4879,180
4880,180
4881,180
4882,180
4883,180
4884,180
4885,180
4886,180
4887,171
4888,171
4889,171
4890,171
4891,171
4892,171
4893,171
4894,171
4895,171
4896,171
4897,171
4898,171
4899,171
4900,171
4901,171
4902,171
4903,171
4904,171
4905,171
4906,171
4907,171
4908,171
4909,171
4910,171
4911,171
4912,171
4913,171
4914,172
4915,172
4916,172
4917,172
4918,172
4919,172
4920,172
4921,172
4922,172
4923,172
4924,172
4925,172
4926,172
4927,172
4928,172
4929,172
4930,172
4931,172
4932,172
4933,172
4934,172
4935,172
4936,172
4937,172
4938,172
4939,172
4940,172
4941,172
4942,172
4943,172
4944,176
4945,176
4946,176
4947,176
4948,176
4949,176
4950,176
4951,176
4952,176
4953,176
4954,176
4955,176
4956,176
4957,176
4958,176
4959,176
4960,176
4961,176
4962,176
4963,176
4964,176
4965,176
4966,176
4967,176
4968,176
4969,176
4970,176
4971,176
4972,176
4973,176
4974,176
4975,176
4976,176
4977,178
4978,178
4979,178
4980,178
4981,178
4982,178
4983,178
4984,178
4985,178
4986,178
4987,178
4988,178
4989,178
4990,178
4991,178
4992,178
4993,178
4994,178
4995,178
4996,178
4997,178
4998,178
4999,178
5000,178
5001,178
5002,178
5003,178
5004,178
5005,178
5006,178
5007,178
5008,178
5009,178
5010,173
5011,173
5012,173
5013,173
5014,173
5015,173
5016,173
5017,173
5018,173
5019,173
5020,173
5021,173
5022,173
5023,173
5024,173
5025,173
5026,173
5027,173
5028,173
5029,173
5030,173
5031,173
5032,173
5033,173
5034,173
5035,173
5036,173
5037,173
5038,173
5039,173
5040,174
5041,174
5042,174
5043,174
5044,174
5045,174
5046,174
5047,174
5048,174
5049,174
5050,174
5051,174
5052,174
5053,174
5054,174
5055,174
5056,174
5057,174
5058,174
5059,174
5060,174
5061,174
5062,174
5063,174
5064,174
5065,174
5066,174
5067,174
5068,174
5069,181
5070,181
5071,181
5072,181
5073,181
5074,181
5075,181
5076,181
5077,181
5078,181
5079,181
5080,181
5081,181
5082,181
5083,181
5084,181
5085,181
5086,181
5087,181
5088,181
5089,181
5090,181
5091,181
5092,181
5093,181
5094,181
5095,181
5096,183
5097,183
5098,183
5099,183
5100,183
5101,183
5102,183
5103,183
5104,183
5105,183
5106,183
5107,183
5108,183
5109,183
5110,183
5111,183
5112,183
5113,183
5114,183
5115,183
5116,183
5117,183
5118,183
5119,183
5120,183
5121,183
5122,183
5123,183
5124,183
5125,183
5126,183
5127,183
5128,183
5129,179
5130,179
5131,179
5132,179
5133,179
5134,179
5135,179
5136,179
5137,179
5138,179
5139,179
5140,179
5141,179
5142,179
5143,179
5144,179
5145,179
5146,179
5147,179
5148,179
5149,179
5150,179
5151,179
5152,179
5153,179
5154,179
5155,179
5156,179
5157,179
5158,179
5159,175
5160,175
5161,175
5162,175
5163,175
5164,175
5165,175
5166,175
5167,175
5168,175
5169,175
5170,175
5171,175
5172,175
5173,175
5174,175
5175,175
5176,175
5177,175
5178,175
5179,175
5180,175
5181,175
5182,175
5183,175
5184,175
5185,175
5186,175
5187,175
5188,175
5189,175
5190,175
5191,175
5192,182
5193,182
5194,182
5195,182
5196,182
5197,182
5198,182
5199,182
5200,182
5201,182
5202,182
5203,182
5204,182
5205,182
5206,182
5207,182
5208,182
5209,182
5210,182
5211,182
5212,182
5213,182
5214,182
5215,182
5216,182
5217,182
5218,182
5219,182
5220,182
5221,182
5222,182
5223,177
5224,177
5225,177
5226,177
5227,177
5228,177
5229,177
5230,177
5231,177
5232,177
5233,177
5234,177
5235,177
5236,177
5237,177
5238,177
5239,177
5240,177
5241,177
5242,177
5243,177
5244,177
5245,177
5246,177
5247,177
5248,177
5249,177
5250,177
5251,177
5252,177
5253,177
5254,177
5255,177
5256,184
5257,184
5258,184
5259,184
5260,184
5261,184
5262,184
5263,184
5264,184
5265,184
5266,184
5267,184
5268,184
5269,184
5270,184
5271,184
5272,184
5273,184
5274,184
5275,184
5276,184
5277,184
5278,184
5279,184
5280,184
5281,184
5282,184
5283,184
5284,190
5285,190
5286,190
5287,190
5288,190
5289,190
5290,190
5291,190
5292,190
5293,190
5294,190
5295,190
5296,190
5297,190
5298,190
5299,190
5300,190
5301,190
5302,190
5303,190
5304,190
5305,190
5306,190
5307,190
5308,190
5309,190
5310,190
5311,190
5312,190
5313,185
5314,185
5315,185
5316,185
5317,185
5318,185
5319,185
5320,185
5321,185
5322,185
5323,185
5324,185
5325,185
5326,185
5327,185
5328,185
5329,185
5330,185
5331,185
5332,185
5333,185
5334,185
5335,185
5336,185
5337,185
5338,185
5339,185
5340,185
5341,185
5342,185
5343,186
5344,186
5345,186
5346,186
5347,186
5348,186
5349,186
5350,186
5351,186
5352,186
5353,186
5354,186
5355,186
5356,186
5357,186
5358,186
5359,186
5360,186
5361,186
5362,186
5363,186
5364,186
5365,186
5366,186
5367,186
5368,186
5369,186
5370,186
5371,195
5372,195
5373,195
5374,195
5375,195
5376,195
5377,195
5378,195
5379,195
5380,195
5381,195
5382,195
5383,195
5384,195
5385,195
5386,195
5387,195
5388,195
5389,195
5390,195
5391,195
5392,195
5393,195
5394,195
5395,195
5396,195
5397,195
5398,195
5399,195
5400,195
5401,192
5402,192
5403,192
5404,192
5405,192
5406,192
5407,192
5408,192
5409,192
5410,192
5411,192
5412,192
5413,192
5414,192
5415,192
5416,192
5417,192
5418,192
5419,192
5420,192
5421,192
5422,192
5423,192
5424,192
5425,192
5426,192
5427,192
5428,192
5429,192
5430,192
5431,192
5432,192
5433,192
5434,188
5435,188
5436,188
5437,188
5438,188
5439,188
5440,188
5441,188
5442,188
5443,188
5444,188
5445,188
5446,188
5447,188
5448,188
5449,188
5450,188
5451,188
5452,188
5453,188
5454,188
5455,188
5456,188
5457,188
5458,188
5459,188
5460,188
5461,188
5462,188
5463,187
5464,187
5465,187
5466,187
5467,187
5468,187
5469,187
5470,187
5471,187
5472,187
5473,187
5474,187
5475,187
5476,187
5477,187
5478,187
5479,187
5480,187
5481,187
5482,187
5483,187
5484,187
5485,187
5486,187
5487,187
5488,187
5489,187
5490,187
5491,187
5492,187
5493,187
5494,187
5495,187
5496,193
5497,193
5498,193
5499,193
5500,193
5501,193
5502,193
5503,193
5504,193
5505,193
5506,193
5507,193
5508,193
5509,193
5510,193
5511,193
5512,193
5513,193
5514,193
5515,193
5516,193
5517,193
5518,193
5519,193
5520,193
5521,193
5522,193
5523,193
5524,193
5525,193
5526,193
5527,193
5528,193
5529,191
5530,191
5531,191
5532,191
5533,191
5534,191
5535,191
5536,191
5537,191
5538,191
5539,191
5540,191
5541,191
5542,191
5543,191
5544,191
5545,191
5546,191
5547,191
5548,191
5549,191
5550,191
5551,191
5552,191
5553,191
5554,191
5555,191
5556,191
5557,191
5558,191
5559,191
5560,189
5561,189
5562,189
5563,189
5564,189
5565,189
5566,189
5567,189
5568,189
5569,189
5570,189
5571,189
5572,189
5573,189
5574,189
5575,189
5576,189
5577,189
5578,189
5579,189
5580,189
5581,189
5582,189
5583,189
5584,189
5585,189
5586,189
5587,189
5588,189
5589,189
5590,189
5591,189
5592,189
5593,194
5594,194
5595,194
5596,194
5597,194
5598,194
5599,194
5600,194
5601,194
5602,194
5603,194
5604,194
5605,194
5606,194
5607,194
5608,194
5609,194
5610,194
5611,194
5612,194
5613,194
5614,194
5615,194
5616,194
5617,194
5618,194
5619,194
5620,194
5621,194
5622,194
5623,194
5624,198
5625,198
5626,198
5627,198
5628,198
5629,198
5630,198
5631,198
5632,198
5633,198
5634,198
5635,198
5636,198
5637,198
5638,198
5639,198
5640,198
5641,198
5642,198
5643,198
5644,198
5645,198
5646,198
5647,198
5648,198
5649,198
5650,198
5651,198
5652,198
5653,198
5654,198
5655,198
5656,198
5657,196
5658,196
5659,196
5660,196
5661,196
5662,196
5663,196
5664,196
5665,196
5666,196
5667,196
5668,196
5669,196
5670,196
5671,196
5672,196
5673,196
5674,196
5675,196
5676,196
5677,196
5678,196
5679,196
5680,196
5681,196
5682,196
5683,196
5684,196
5685,196
5686,196
5687,196
5688,196
5689,196
5690,197
5691,197
5692,197
5693,197
5694,197
5695,197
5696,197
5697,197
5698,197
5699,197
5700,197
5701,197
5702,197
5703,197
5704,197
5705,197
5706,197
5707,197
5708,197
5709,197
5710,197
5711,197
5712,197
5713,197
5714,197
5715,197
5716,197
5717,197
5718,197
5719,197
5720,197
5721,197
5722,197
5723,200
5724,200
5725,200
5726,200
5727,200
5728,200
5729,200
5730,200
5731,200
5732,200
5733,200
5734,200
5735,200
5736,200
5737,200
5738,200
5739,200
5740,200
5741,200
5742,200
5743,200
5744,200
5745,200
5746,200
5747,200
5748,200
5749,200
5750,200
5751,200
5752,200
5753,199
5754,199
5755,199
5756,199
5757,199
5758,199
5759,199
5760,199
5761,199
5762,199
5763,199
5764,199
5765,199
5766,199
5767,199
5768,199
5769,199
5770,199
5771,199
5772,199
5773,199
5774,199
5775,199
5776,199
5777,199
5778,199
5779,199
5780,199
5781,199
5782,199
5783,201
5784,201
5785,201
5786,201
5787,201
5788,201
5789,201
5790,201
5791,201
5792,201
5793,201
5794,201
5795,201
5796,201
5797,201
5798,201
5799,201
5800,201
5801,201
5802,201
5803,201
5804,201
5805,201
5806,201
5807,201
5808,201
5809,201
5810,201
5811,201
5812,201
5813,201
5814,201
5815,201
5816,211
5817,211
5818,211
5819,211
5820,211
5821,211
5822,211
5823,211
5824,211
5825,211
5826,211
5827,211
5828,211
5829,211
5830,211
5831,211
5832,211
5833,211
5834,211
5835,211
5836,211
5837,211
5838,211
5839,211
5840,211
5841,211
5842,211
5843,211
5844,211
5845,211
5846,211
5847,202
5848,202
5849,202
5850,202
5851,202
5852,202
5853,202
5854,202
5855,202
5856,202
5857,202
5858,202
5859,202
5860,202
5861,202
5862,202
5863,202
5864,202
5865,202
5866,202
5867,202
5868,202
5869,202
5870,202
5871,202
5872,202
5873,202
5874,202
5875,202
5876,202
5877,202
5878,210
5879,210
5880,210
5881,210
5882,210
5883,210
5884,210
5885,210
5886,210
5887,210
5888,210
5889,210
5890,210
5891,210
5892,210
5893,210
5894,210
5895,210
5896,210
5897,210
5898,210
5899,210
5900,210
5901,210
5902,210
5903,210
5904,210
5905,206
5906,206
5907,206
5908,206
5909,206
5910,206
5911,206
5912,206
5913,206
5914,206
5915,206
5916,206
5917,206
5918,206
5919,206
5920,206
5921,206
5922,206
5923,206
5924,206
5925,206
5926,206
5927,206
5928,206
5929,206
5930,206
5931,206
5932,206
5933,203
5934,203
5935,203
5936,203
5937,203
5938,203
5939,203
5940,203
5941,203
5942,203
5943,203
5944,203
5945,203
5946,203
5947,203
5948,203
5949,203
5950,203
5951,203
5952,203
5953,203
5954,203
5955,203
5956,203
5957,203
5958,203
5959,203
5960,203
5961,203
5962,203
5963,203
5964,203
5965,203
5966,209
5967,209
5968,209
5969,209
5970,209
5971,209
5972,209
5973,209
5974,209
5975,209
5976,209
5977,209
5978,209
5979,209
5980,209
5981,209
5982,209
5983,209
5984,209
5985,209
5986,209
5987,209
5988,209
5989,209
5990,209
5991,209
5992,209
5993,209
5994,209
5995,209
5996,209
5997,209
5998,209
5999,204
6000,204
6001,204
6002,204
6003,204
6004,204
6005,204
6006,204
6007,204
6008,204
6009,204
6010,204
6011,204
6012,204
6013,204
6014,204
6015,204
6016,204
6017,204
6018,204
6019,204
6020,204
6021,204
6022,204
6023,204
6024,204
6025,204
6026,204
6027,204
6028,204
6029,204
6030,212
6031,212
6032,212
6033,212
6034,212
6035,212
6036,212
6037,212
6038,212
6039,212
6040,212
6041,212
6042,212
6043,212
6044,212
6045,212
6046,212
6047,212
6048,212
6049,212
6050,212
6051,212
6052,212
6053,212
6054,212
6055,212
6056,212
6057,212
6058,212
6059,212
6060,212
6061,212
6062,212
6063,205
6064,205
6065,205
6066,205
6067,205
6068,205
6069,205
6070,205
6071,205
6072,205
6073,205
6074,205
6075,205
6076,205
6077,205
6078,205
6079,205
6080,205
6081,205
6082,205
6083,205
6084,205
6085,205
6086,205
6087,205
6088,205
6089,205
6090,205
6091,205
6092,205
6093,205
6094,205
6095,205
6096,207
6097,207
6098,207
6099,207
6100,207
6101,207
6102,207
6103,207
6104,207
6105,207
6106,207
6107,207
6108,207
6109,207
6110,207
6111,207
6112,207
6113,207
6114,207
6115,207
6116,207
6117,207
6118,207
6119,207
6120,207
6121,207
6122,207
6123,207
6124,207
6125,207
6126,207
6127,207
6128,208
6129,208
6130,208
6131,208
6132,208
6133,208
6134,208
6135,208
6136,208
6137,208
6138,208
6139,208
6140,208
6141,208
6142,208
6143,208
6144,208
6145,208
6146,208
6147,208
6148,208
6149,208
6150,208
6151,208
6152,208
6153,208
6154,208
6155,208
6156,208
6157,208
6158,208
6159,213
6160,213
6161,213
6162,213
6163,213
6164,213
6165,213
6166,213
6167,213
6168,213
6169,213
6170,213
6171,213
6172,213
6173,213
6174,213
6175,213
6176,213
6177,213
6178,213
6179,213
6180,213
6181,213
6182,213
6183,213
6184,213
6185,213
6186,213
6187,213
6188,213
6189,213
6190,213
6191,213
6192,218
6193,218
6194,218
6195,218
6196,218
6197,218
6198,218
6199,218
6200,218
6201,218
6202,218
6203,218
6204,218
6205,218
6206,218
6207,218
6208,218
6209,218
6210,218
6211,218
6212,218
6213,218
6214,218
6215,218
6216,218
6217,218
6218,218
6219,218
6220,222
6221,222
6222,222
6223,222
6224,222
6225,222
6226,222
6227,222
6228,222
6229,222
6230,222
6231,222
6232,222
6233,222
6234,222
6235,222
6236,222
6237,222
6238,222
6239,222
6240,222
6241,222
6242,222
6243,222
6244,222
6245,222
6246,222
6247,222
6248,222
6249,216
6250,216
6251,216
6252,216
6253,216
6254,216
6255,216
6256,216
6257,216
6258,216
6259,216
6260,216
6261,216
6262,216
6263,216
6264,216
6265,216
6266,216
6267,216
6268,216
6269,216
6270,216
6271,216
6272,216
6273,216
6274,216
6275,216
6276,216
6277,216
6278,216
6279,220
6280,220
6281,220
6282,220
6283,220
6284,220
6285,220
6286,220
6287,220
6288,220
6289,220
6290,220
6291,220
6292,220
6293,220
6294,220
6295,220
6296,220
6297,220
6298,220
6299,220
6300,220
6301,220
6302,220
6303,220
6304,220
6305,220
6306,220
6307,220
6308,220
6309,224
6310,224
6311,224
6312,224
6313,224
6314,224
6315,224
6316,224
6317,224
6318,224
6319,224
6320,224
6321,224
6322,224
6323,224
6324,224
6325,224
6326,224
6327,224
6328,224
6329,224
6330,224
6331,224
6332,224
6333,224
6334,224
6335,224
6336,224
6337,224
6338,224
6339,217
6340,217
6341,217
6342,217
6343,217
6344,217
6345,217
6346,217
6347,217
6348,217
6349,217
6350,217
6351,217
6352,217
6353,217
6354,217
6355,217
6356,217
6357,217
6358,217
6359,217
6360,217
6361,217
6362,217
6363,217
6364,217
6365,217
6366,223
6367,223
6368,223
6369,223
6370,223
6371,223
6372,223
6373,223
6374,223
6375,223
6376,223
6377,223
6378,223
6379,223
6380,223
6381,223
6382,223
6383,223
6384,223
6385,223
6386,223
6387,223
6388,223
6389,223
6390,223
6391,223
6392,223
6393,223
6394,223
6395,214
6396,214
6397,214
6398,214
6399,214
6400,214
6401,214
6402,214
6403,214
6404,214
6405,214
6406,214
6407,214
6408,214
6409,214
6410,214
6411,214
6412,214
6413,214
6414,214
6415,214
6416,214
6417,214
6418,214
6419,214
6420,214
6421,214
6422,214
6423,214
6424,214
6425,221
6426,221
6427,221
6428,221
6429,221
6430,221
6431,221
6432,221
6433,221
6434,221
6435,221
6436,221
6437,221
6438,221
6439,221
6440,221
6441,221
6442,221
6443,221
6444,221
6445,221
6446,221
6447,221
6448,221
6449,221
6450,221
6451,221
6452,221
6453,221
6454,221
6455,215
6456,215
6457,215
6458,215
6459,215
6460,215
6461,215
6462,215
6463,215
6464,215
6465,215
6466,215
6467,215
6468,215
6469,215
6470,215
6471,215
6472,215
6473,215
6474,215
6475,215
6476,215
6477,215
6478,215
6479,215
6480,215
6481,215
6482,219
6483,219
6484,219
6485,219
6486,219
6487,219
6488,219
6489,219
6490,219
6491,219
6492,219
6493,219
6494,219
6495,219
6496,219
6497,219
6498,219
6499,219
6500,219
6501,219
6502,219
6503,219
6504,219
6505,219
6506,219
6507,219
6508,219
6509,225
6510,225
6511,225
6512,225
6513,225
6514,225
6515,225
6516,225
6517,225
6518,225
6519,225
6520,225
6521,225
6522,225
6523,225
6524,225
6525,225
6526,225
6527,225
6528,225
6529,225
6530,225
6531,225
6532,225
6533,225
6534,225
6535,226
6536,226
6537,226
6538,226
6539,226
6540,226
6541,226
6542,226
6543,226
6544,226
6545,226
6546,226
6547,226
6548,226
6549,226
6550,226
6551,226
6552,226
6553,226
6554,226
6555,226
6556,226
6557,226
6558,226
6559,226
6560,226
6561,226
6562,233
6563,233
6564,233
6565,233
6566,233
6567,233
6568,233
6569,233
6570,233
6571,233
6572,233
6573,233
6574,233
6575,233
6576,233
6577,233
6578,233
6579,233
6580,233
6581,233
6582,233
6583,233
6584,233
6585,233
6586,233
6587,233
6588,233
6589,233
6590,233
6591,233
6592,228
6593,228
6594,228
6595,228
6596,228
6597,228
6598,228
6599,228
6600,228
6601,228
6602,228
6603,228
6604,228
6605,228
6606,228
6607,228
6608,228
6609,228
6610,228
6611,228
6612,228
6613,228
6614,228
6615,228
6616,228
6617,229
6618,229
6619,229
6620,229
6621,229
6622,229
6623,229
6624,229
6625,229
6626,229
6627,229
6628,229
6629,229
6630,229
6631,229
6632,229
6633,229
6634,229
6635,229
6636,229
6637,229
6638,229
6639,229
6640,229
6641,229
6642,229
6643,229
6644,229
6645,229
6646,227
6647,227
6648,227
6649,227
6650,227
6651,227
6652,227
6653,227
6654,227
6655,227
6656,227
6657,227
6658,227
6659,227
6660,227
6661,227
6662,227
6663,227
6664,227
6665,227
6666,227
6667,227
6668,227
6669,227
6670,227
6671,227
6672,227
6673,236
6674,236
6675,236
6676,236
6677,236
6678,236
6679,236
6680,236
6681,236
6682,236
6683,236
6684,236
6685,236
6686,236
6687,236
6688,236
6689,236
6690,236
6691,236
6692,236
6693,236
6694,236
6695,236
6696,236
6697,236
6698,237
6699,237
6700,237
6701,237
6702,237
6703,237
6704,237
6705,237
6706,237
6707,237
6708,237
6709,237
6710,237
6711,237
6712,237
6713,237
6714,237
6715,237
6716,237
6717,237
6718,237
6719,237
6720,237
6721,237
6722,237
6723,237
6724,237
6725,237
6726,237
6727,237
6728,232
6729,232
6730,232
6731,232
6732,232
6733,232
6734,232
6735,232
6736,232
6737,232
6738,232
6739,232
6740,232
6741,232
6742,232
6743,232
6744,232
6745,232
6746,232
6747,232
6748,232
6749,232
6750,232
6751,232
6752,232
6753,232
6754,232
6755,232
6756,234
6757,234
6758,234
6759,234
6760,234
6761,234
6762,234
6763,234
6764,234
6765,234
6766,234
6767,234
6768,234
6769,234
6770,234
6771,234
6772,234
6773,234
6774,234
6775,234
6776,234
6777,234
6778,234
6779,234
6780,234
6781,234
6782,234
6783,234
6784,234
6785,234
6786,235
6787,235
6788,235
6789,235
6790,235
6791,235
6792,235
6793,235
6794,235
6795,235
6796,235
6797,235
6798,235
6799,235
6800,235
6801,235
6802,235
6803,235
6804,235
6805,235
6806,235
6807,235
6808,235
6809,235
6810,235
6811,231
6812,231
6813,231
6814,231
6815,231
6816,231
6817,231
6818,231
6819,231
6820,231
6821,231
6822,231
6823,231
6824,231
6825,231
6826,231
6827,231
6828,231
6829,231
6830,231
6831,231
6832,231
6833,231
6834,231
6835,231
6836,231
6837,231
6838,231
6839,231
6840,230
6841,230
6842,230
6843,230
6844,230
6845,230
6846,230
6847,230
6848,230
6849,230
6850,230
6851,230
6852,230
6853,230
6854,230
6855,230
6856,230
6857,230
6858,230
6859,230
6860,230
6861,230
6862,230
6863,230
6864,230
6865,230
6866,230
6867,230
6868,238
6869,238
6870,238
6871,238
6872,238
6873,238
6874,238
6875,238
6876,238
6877,238
6878,238
6879,238
6880,238
6881,238
6882,238
6883,238
6884,238
6885,238
6886,238
6887,238
6888,238
6889,238
6890,238
6891,238
6892,240
6893,240
6894,240
6895,240
6896,240
6897,240
6898,240
6899,240
6900,240
6901,240
6902,240
6903,240
6904,240
6905,240
6906,240
6907,240
6908,240
6909,240
6910,240
6911,240
6912,240
6913,240
6914,240
6915,240
6916,240
6917,240
6918,240
6919,242
6920,242
6921,242
6922,242
6923,242
6924,242
6925,242
6926,242
6927,242
6928,242
6929,242
6930,242
6931,242
6932,242
6933,242
6934,242
6935,242
6936,242
6937,242
6938,242
6939,242
6940,242
6941,242
6942,242
6943,242
6944,242
6945,242
6946,242
6947,239
6948,239
6949,239
6950,239
6951,239
6952,239
6953,239
6954,239
6955,239
6956,239
6957,239
6958,239
6959,239
6960,239
6961,239
6962,239
6963,239
6964,239
6965,239
6966,239
6967,239
6968,239
6969,239
6970,239
6971,239
6972,239
6973,239
6974,241
6975,241
6976,241
6977,241
6978,241
6979,241
6980,241
6981,241
6982,241
6983,241
6984,241
6985,241
6986,241
6987,241
6988,241
6989,241
6990,241
6991,241
6992,241
6993,241
6994,241
6995,241
6996,241
6997,241
6998,241
6999,241
7000,241
7001,241
7002,241
7003,241
7004,243
7005,243
7006,243
7007,243
7008,243
7009,243
7010,243
7011,243
7012,243
7013,243
7014,243
7015,243
7016,243
7017,243
7018,243
7019,243
7020,243
7021,243
7022,243
7023,243
7024,243
7025,243
7026,243
7027,243
7028,243
7029,243
7030,243
7031,243
7032,243
7033,243
7034,244
7035,244
7036,244
7037,244
7038,244
7039,244
7040,244
7041,244
7042,244
7043,244
7044,244
7045,244
7046,244
7047,244
7048,244
7049,244
7050,244
7051,244
7052,244
7053,244
7054,244
7055,244
7056,244
7057,244
7058,244
7059,244
7060,245
7061,245
7062,245
7063,245
7064,245
7065,245
7066,245
7067,245
7068,245
7069,245
7070,245
7071,245
7072,245
7073,245
7074,245
7075,245
7076,245
7077,245
7078,245
7079,245
7080,245
7081,245
7082,245
7083,245
7084,245
7085,245
7086,245
7087,245
7088,245
7089,245
7090,249
7091,249
7092,249
7093,249
7094,249
7095,249
7096,249
7097,249
7098,249
7099,249
7100,249
7101,249
7102,249
7103,249
7104,249
7105,249
7106,249
7107,249
7108,249
7109,249
7110,249
7111,249
7112,249
7113,249
7114,249
7115,249
7116,249
7117,249
7118,249
7119,249
7120,247
7121,247
7122,247
7123,247
7124,247
7125,247
7126,247
7127,247
7128,247
7129,247
7130,247
7131,247
7132,247
7133,247
7134,247
7135,247
7136,247
7137,247
7138,247
7139,247
7140,247
7141,247
7142,247
7143,247
7144,247
7145,247
7146,247
7147,247
7148,246
7149,246
7150,246
7151,246
7152,246
7153,246
7154,246
7155,246
7156,246
7157,246
7158,246
7159,246
7160,246
7161,246
7162,246
7163,246
7164,246
7165,246
7166,246
7167,246
7168,246
7169,246
7170,246
7171,246
7172,246
7173,250
7174,250
7175,250
7176,250
7177,250
7178,250
7179,250
7180,250
7181,250
7182,250
7183,250
7184,250
7185,250
7186,250
7187,250
7188,250
7189,250
7190,250
7191,250
7192,250
7193,250
7194,250
7195,250
7196,250
7197,250
7198,250
7199,250
7200,250
7201,250
7202,250
7203,248
7204,248
7205,248
7206,248
7207,248
7208,248
7209,248
7210,248
7211,248
7212,248
7213,248
7214,248
7215,248
7216,248
7217,248
7218,248
7219,248
7220,248
7221,248
7222,248
7223,248
7224,248
7225,248
7226,248
7227,248
7228,248
7229,261
7230,261
7231,261
7232,261
7233,261
7234,261
7235,261
7236,261
7237,261
7238,261
7239,261
7240,261
7241,261
7242,261
7243,261
7244,261
7245,261
7246,261
7247,261
7248,261
7249,261
7250,261
7251,261
7252,261
7253,261
7254,261
7255,261
7256,261
7257,261
7258,258
7259,258
7260,258
7261,258
7262,258
7263,258
7264,258
7265,258
7266,258
7267,258
7268,258
7269,258
7270,258
7271,258
7272,258
7273,258
7274,258
7275,258
7276,258
7277,258
7278,258
7279,258
7280,258
7281,258
7282,258
7283,258
7284,254
7285,254
7286,254
7287,254
7288,254
7289,254
7290,254
7291,254
7292,254
7293,254
7294,254
7295,254
7296,254
7297,254
7298,254
7299,254
7300,254
7301,254
7302,254
7303,254
7304,254
7305,254
7306,254
7307,254
7308,254
7309,254
7310,256
7311,256
7312,256
7313,256
7314,256
7315,256
7316,256
7317,256
7318,256
7319,256
7320,256
7321,256
7322,256
7323,256
7324,256
7325,256
7326,256
7327,256
7328,256
7329,256
7330,256
7331,256
7332,256
7333,256
7334,256
7335,256
7336,256
7337,256
7338,262
7339,262
7340,262
7341,262
7342,262
7343,262
7344,262
7345,262
7346,262
7347,262
7348,262
7349,262
7350,262
7351,262
7352,262
7353,262
7354,262
7355,262
7356,262
7357,262
7358,262
7359,262
7360,262
7361,262
7362,262
7363,262
7364,260
7365,260
7366,260
7367,260
7368,260
7369,260
7370,260
7371,260
7372,260
7373,260
7374,260
7375,260
7376,260
7377,260
7378,260
7379,260
7380,260
7381,260
7382,260
7383,260
7384,260
7385,260
7386,260
7387,260
7388,260
7389,260
7390,260
7391,260
7392,259
7393,259
7394,259
7395,259
7396,259
7397,259
7398,259
7399,259
7400,259
7401,259
7402,259
7403,259
7404,259
7405,259
7406,259
7407,259
7408,259
7409,259
7410,259
7411,259
7412,259
7413,259
7414,259
7415,259
7416,259
7417,259
7418,259
7419,259
7420,255
7421,255
7422,255
7423,255
7424,255
7425,255
7426,255
7427,255
7428,255
7429,255
7430,255
7431,255
7432,255
7433,255
7434,255
7435,255
7436,255
7437,255
7438,255
7439,255
7440,255
7441,255
7442,255
7443,255
7444,255
7445,255
7446,255
7447,255
7448,255
7449,255
7450,257
7451,257
7452,257
7453,257
7454,257
7455,257
7456,257
7457,257
7458,257
7459,257
7460,257
7461,257
7462,257
7463,257
7464,257
7465,257
7466,257
7467,257
7468,257
7469,257
7470,257
7471,257
7472,257
7473,257
7474,257
7475,257
7476,257
7477,257
7478,257
7479,252
7480,252
7481,252
7482,252
7483,252
7484,252
7485,252
7486,252
7487,252
7488,252
7489,252
7490,252
7491,252
7492,252
7493,252
7494,252
7495,252
7496,252
7497,252
7498,252
7499,252
7500,252
7501,252
7502,252
7503,252
7504,252
7505,252
7506,253
7507,253
7508,253
7509,253
7510,253
7511,253
7512,253
7513,253
7514,253
7515,253
7516,253
7517,253
7518,253
7519,253
7520,253
7521,253
7522,253
7523,253
7524,253
7525,253
7526,253
7527,253
7528,253
7529,253
7530,253
7531,253
7532,253
7533,253
7534,253
7535,251
7536,251
7537,251
7538,251
7539,251
7540,251
7541,251
7542,251
7543,251
7544,251
7545,251
7546,251
7547,251
7548,251
7549,251
7550,251
7551,251
7552,251
7553,251
7554,251
7555,251
7556,251
7557,251
7558,251
7559,251
7560,251
7561,263
7562,263
7563,263
7564,263
7565,263
7566,263
7567,263
7568,263
7569,263
7570,263
7571,263
7572,263
7573,263
7574,263
7575,263
7576,263
7577,263
7578,263
7579,263
7580,263
7581,263
7582,263
7583,263
7584,263
7585,263
7586,263
7587,264
7588,264
7589,264
7590,264
7591,264
7592,264
7593,264
7594,264
7595,264
7596,264
7597,264
7598,264
7599,264
7600,264
7601,264
7602,264
7603,264
7604,264
7605,264
7606,264
7607,264
7608,264
7609,264
7610,264
7611,264
7612,264
7613,264
7614,264
7615,267
7616,267
7617,267
7618,267
7619,267
7620,267
7621,267
7622,267
7623,267
7624,267
7625,267
7626,267
7627,267
7628,267
7629,267
7630,267
7631,267
7632,267
7633,267
7634,267
7635,267
7636,267
7637,267
7638,267
7639,267
7640,267
7641,267
7642,271
7643,271
7644,271
7645,271
7646,271
7647,271
7648,271
7649,271
7650,271
7651,271
7652,271
7653,271
7654,271
7655,271
7656,271
7657,271
7658,271
7659,271
7660,271
7661,271
7662,271
7663,271
7664,271
7665,271
7666,271
7667,271
7668,271
7669,271
7670,271
7671,270
7672,270
7673,270
7674,270
7675,270
7676,270
7677,270
7678,270
7679,270
7680,270
7681,270
7682,270
7683,270
7684,270
7685,270
7686,270
7687,270
7688,270
7689,270
7690,270
7691,270
7692,270
7693,270
7694,270
7695,270
7696,270
7697,270
7698,270
7699,272
7700,272
7701,272
7702,272
7703,272
7704,272
7705,272
7706,272
7707,272
7708,272
7709,272
7710,272
7711,272
7712,272
7713,272
7714,272
7715,272
7716,272
7717,272
7718,272
7719,272
7720,272
7721,265
7722,265
7723,265
7724,265
7725,265
7726,265
7727,265
7728,265
7729,265
7730,265
7731,265
7732,265
7733,265
7734,265
7735,265
7736,265
7737,265
7738,265
7739,265
7740,265
7741,265
7742,265
7743,265
7744,265
7745,265
7746,265
7747,265
7748,265
7749,265
7750,265
7751,269
7752,269
7753,269
7754,269
7755,269
7756,269
7757,269
7758,269
7759,269
7760,269
7761,269
7762,269
7763,269
7764,269
7765,269
7766,269
7767,269
7768,269
7769,269
7770,269
7771,269
7772,269
7773,269
7774,269
7775,269
7776,269
7777,269
7778,268
7779,268
7780,268
7781,268
7782,268
7783,268
7784,268
7785,268
7786,268
7787,268
7788,268
7789,268
7790,268
7791,268
7792,268
7793,268
7794,268
7795,268
7796,268
7797,268
7798,268
7799,268
7800,268
7801,268
7802,268
7803,268
7804,268
7805,268
7806,266
7807,266
7808,266
7809,266
7810,266
7811,266
7812,266
7813,266
7814,266
7815,266
7816,266
7817,266
7818,266
7819,266
7820,266
7821,266
7822,266
7823,266
7824,266
7825,266
7826,266
7827,266
7828,266
